[
    {"dueDate":"12/09/2018","orderNo":"45345445","merchant":"Apple","orderAmount":"70,000.00","amountOwing":"0.00"},
    {"dueDate":"13/09/2018","orderNo":"43452545","merchant":"Samsung","orderAmount":"50,000.00","amountOwing":"0.00"},
    {"dueDate":"14/09/2018","orderNo":"44545445","merchant":"Oppo","orderAmount":"40,000.00","amountOwing":"5000.00"},
    {"dueDate":"15/09/2018","orderNo":"45565445","merchant":"Vivo","orderAmount":"30,000.00","amountOwing":"0.00"},
    {"dueDate":"16/09/2018","orderNo":"45663445","merchant":"Nokia","orderAmount":"20,000.00","amountOwing":"3000.00"}
]